Berkshire RTA,http://www.massdot.state.ma.us/Portals/0/docs/developers/brta_google_transit.zip
Bloom Tours,http://www.massdot.state.ma.us/Portals/0/docs/developers/Bloom_google_transit.zip
Boston Express,http://www.massdot.state.ma.us/Portals/0/docs/developers/boston_express_google_transit.zip
Brockton Area TA,http://www.massdot.state.ma.us/Portals/0/docs/developers/bat_google_transit.zip
Cape Ann RTA,http://www.massdot.state.ma.us/Portals/0/docs/developers/cata_google_transit.zip
Cape Cod RTA, http://www.massdot.state.ma.us/Portals/0/docs/developers/ccrta_google_transit.zip
Coach Bus Lines,http://www.massdot.state.ma.us/Portals/0/docs/developers/coach_google_transit.zip
DATTCO Motorcoach,http://www.massdot.state.ma.us/Portals/0/docs/developers/dattco_google_transit.zip
Ferry,http://www.massdot.state.ma.us/Portals/0/docs/developers/ferries_google_transit.zip
Franklin RTA,http://www.massdot.state.ma.us/Portals/0/docs/developers/frta_google_transit.zip
Greater Attleboro Taunton TA,http://www.massdot.state.ma.us/Portals/0/docs/developers/gatra_google_transit.zip
Lowell RTA,http://www.massdot.state.ma.us/Portals/0/docs/developers/lrta_google_transit.zip
MBTA,http://www.mbta.com/uploadedfiles/MBTA_GTFS.zip
Merrimack Valley RTA,http://www.massdot.state.ma.us/Portals/0/docs/developers/mvrta_google_transit.zip
Metrowest RTA,http://www.massdot.state.ma.us/Portals/0/docs/developers/mwrta_google_transit.zip
Montachusett RTA,http://www.massdot.state.ma.us/Portals/0/docs/developers/mart_google_transit.zip
Nantucket RTA,http://www.massdot.state.ma.us/Portals/0/docs/developers/nrta_google_transit.zip
Pioneer Valley RTA,http://www.pvta.com/g_trans/google_transit.zip
Southeastern RTA,http://www.massdot.state.ma.us/Portals/0/docs/developers/srta_google_transit.zip
Vineyard Transit Authority,http://www.massdot.state.ma.us/Portals/0/docs/developers/vta_google_transit.zip
Worcester RTA,http://www.massdot.state.ma.us/Portals/0/docs/developers/wrta_google_transit.zip
Yankee Line,http://www.massdot.state.ma.us/Portals/0/docs/developers/yankee_google_transit.zip